[
  {
    "id": "b6595d3e-bba7-471b-bb2a-8026c618b09c",
    "data": [
      {
        "text": "hello",
        "userDefined": false
      }
    ],
    "isTemplate": false,
    "count": 0
  },
  {
    "id": "0b8da502-bb08-41e5-8e15-a84de0913970",
    "data": [
      {
        "text": "welcome to our gdg event",
        "userDefined": false
      }
    ],
    "isTemplate": false,
    "count": 0
  },
  {
    "id": "e9c10864-a6f1-48ba-b7ce-00feaeb08328",
    "data": [
      {
        "text": "hi",
        "userDefined": false
      }
    ],
    "isTemplate": false,
    "count": 0
  }
]