[
  {
    "id": "e1a28cb7-dda9-449f-8bdd-59e9cd11b375",
    "data": [
      {
        "text": "How do you work?",
        "userDefined": false
      }
    ],
    "isTemplate": false,
    "count": 0,
    "updated": 1511371181
  },
  {
    "id": "871b3bf7-c514-41df-810f-2e364e4c360b",
    "data": [
      {
        "text": "How does this work?",
        "userDefined": false
      }
    ],
    "isTemplate": false,
    "count": 0,
    "updated": 1511371181
  },
  {
    "id": "21545b07-767d-49ed-9b34-4f9637c40147",
    "data": [
      {
        "text": "What is your purpose?",
        "userDefined": false
      }
    ],
    "isTemplate": false,
    "count": 0,
    "updated": 1511371181
  },
  {
    "id": "3c8cb388-527b-4b2b-b9f8-21781cfec56b",
    "data": [
      {
        "text": "What can you do?",
        "userDefined": false
      }
    ],
    "isTemplate": false,
    "count": 0,
    "updated": 1511371181
  }
]